time_s,intensity_760nm,intensity_850nm
0.0000,0.54940605,0.82168001
1.0000,0.55077255,0.82182574
2.0000,0.54773408,0.81435102
3.0000,0.54879469,0.81769103
4.0000,0.55282444,0.82621115
5.0000,0.53992432,0.80056125
6.0000,0.54177463,0.80293828
7.0000,0.53779262,0.79256469
8.0000,0.54179907,0.79925698
9.0000,0.54228765,0.7990182
10.0000,0.5450716,0.80157298
11.0000,0.5414511,0.79039538
12.0000,0.53856349,0.78319722
13.0000,0.53694624,0.77450049
14.0000,0.54196781,0.78217101
15.0000,0.54158604,0.78428465
16.0000,0.54508871,0.79886651
17.0000,0.5504024,0.82027751
18.0000,0.54289365,0.80933642
19.0000,0.53934485,0.80167311
20.0000,0.5444746,0.81280333
21.0000,0.54698777,0.81605506
22.0000,0.5513044,0.82025385
23.0000,0.54567945,0.80201143
24.0000,0.5450325,0.79761696
25.0000,0.54069638,0.78418511
26.0000,0.54241753,0.78653753
27.0000,0.54624063,0.79740351
28.0000,0.54656678,0.80326223
29.0000,0.54145777,0.8002072
30.0000,0.53296417,0.78037488
31.0000,0.537669,0.78475863
32.0000,0.54747391,0.8026945
33.0000,0.54058254,0.78762776
34.0000,0.535586,0.77521789
35.0000,0.53631437,0.77838343
36.0000,0.54230291,0.79279107
37.0000,0.54690331,0.8043189
38.0000,0.54731244,0.8069858
39.0000,0.54307497,0.80138969
40.0000,0.54009521,0.79549104
41.0000,0.54182839,0.79736656
42.0000,0.54845339,0.81056345
43.0000,0.54458058,0.80285817
44.0000,0.53936964,0.78940976
45.0000,0.53702146,0.77762377
46.0000,0.54104495,0.78276533
47.0000,0.53536034,0.76895332
48.0000,0.53012413,0.75625426
49.0000,0.53157151,0.75811291
50.0000,0.53850967,0.77701277
51.0000,0.53892881,0.78353232
52.0000,0.52730507,0.76679265
53.0000,0.52926379,0.77550083
54.0000,0.53705299,0.794523
55.0000,0.54055095,0.80101275
56.0000,0.53261489,0.78539556
57.0000,0.5325107,0.78279656
58.0000,0.54036695,0.79760134
59.0000,0.53771657,0.78894448
60.0000,0.52739471,0.76317495
61.0000,0.53501987,0.77463734
62.0000,0.54414588,0.79177451
63.0000,0.53200328,0.76763988
64.0000,0.53062993,0.76272005
65.0000,0.53888744,0.77455044
66.0000,0.535963,0.76760554
67.0000,0.5323863,0.76000088
68.0000,0.53872472,0.77109998
69.0000,0.54508603,0.78404003
70.0000,0.54986632,0.79697198
71.0000,0.54289514,0.7852639
72.0000,0.53770536,0.77636421
73.0000,0.54318076,0.78690475
74.0000,0.55051416,0.80354625
75.0000,0.54527783,0.79599553
76.0000,0.54196596,0.7873435
77.0000,0.54734933,0.79270858
78.0000,0.55326235,0.80055732
79.0000,0.55026388,0.79575318
80.0000,0.54521018,0.78591168
81.0000,0.5489049,0.79369843
82.0000,0.5532403,0.80897838
83.0000,0.55923557,0.83264118
84.0000,0.54781419,0.81861567
85.0000,0.55147475,0.82659823
86.0000,0.55815125,0.83866078
87.0000,0.55406898,0.82793164
88.0000,0.55152661,0.82019222
89.0000,0.5595746,0.83379132
90.0000,0.56877214,0.85163248
91.0000,0.566679,0.84450847
92.0000,0.55520421,0.82089508
93.0000,0.56061864,0.83340311
94.0000,0.56578892,0.84535271
95.0000,0.56088626,0.83814847
96.0000,0.56162518,0.83319414
97.0000,0.56596118,0.8421542
98.0000,0.55480552,0.81580412
99.0000,0.55832869,0.82147259
100.0000,0.55163068,0.80521721
101.0000,0.55417335,0.81017232
102.0000,0.55401212,0.81551129
103.0000,0.55882186,0.83352387
104.0000,0.56245029,0.84996039
105.0000,0.56032795,0.8496604
106.0000,0.56095999,0.85494322
107.0000,0.54870087,0.83154106
108.0000,0.54478514,0.82121336
109.0000,0.53703463,0.79985785
110.0000,0.53277051,0.7868104
111.0000,0.52944088,0.77595478
112.0000,0.52567536,0.76787078
113.0000,0.52364069,0.76240957
114.0000,0.52169627,0.75805616
115.0000,0.51686674,0.74855685
116.0000,0.51585972,0.74724078
117.0000,0.51784748,0.75057507
118.0000,0.51581854,0.74399954
119.0000,0.51534867,0.74177319
120.0000,0.51238787,0.73519516
121.0000,0.51483905,0.73897153
122.0000,0.50204664,0.71158212
123.0000,0.500934,0.70858443
124.0000,0.50101221,0.7120021
125.0000,0.5052433,0.72356737
126.0000,0.51183289,0.73462725
127.0000,0.51242673,0.73187715
128.0000,0.51733488,0.73842174
129.0000,0.51213336,0.72527379
130.0000,0.5107519,0.71560508
131.0000,0.51192051,0.71322483
132.0000,0.51423991,0.71488112
133.0000,0.51783395,0.72354031
134.0000,0.52090055,0.73510426
135.0000,0.50662249,0.70933533
136.0000,0.5089258,0.71545315
137.0000,0.50937915,0.72081971
138.0000,0.51566035,0.73540491
139.0000,0.52373248,0.75636196
140.0000,0.52916974,0.76909685
141.0000,0.5189867,0.74429309
142.0000,0.51642507,0.73642278
143.0000,0.51881415,0.74101728
144.0000,0.52387786,0.74978232
145.0000,0.52746862,0.75293398
146.0000,0.52979767,0.75450152
147.0000,0.52958131,0.7529245
148.0000,0.52635819,0.7476306
149.0000,0.52252716,0.73808545
150.0000,0.52336842,0.73574579
151.0000,0.52155048,0.73014259
152.0000,0.52727997,0.74443465
153.0000,0.52984327,0.7561658
154.0000,0.53257054,0.76845598
155.0000,0.52796102,0.75726992
156.0000,0.52332747,0.74941742
157.0000,0.52817172,0.75816739
158.0000,0.5356108,0.77064753
159.0000,0.5368067,0.77167553
160.0000,0.53999358,0.77961946
161.0000,0.52826923,0.75412041
162.0000,0.53399891,0.76689649
163.0000,0.53400713,0.76889473
164.0000,0.53859842,0.77738118
165.0000,0.52485585,0.75382924
166.0000,0.52573484,0.75858611
167.0000,0.5209806,0.75232345
168.0000,0.52338099,0.76043308
169.0000,0.52841431,0.77350372
170.0000,0.5322758,0.78465897
171.0000,0.53552753,0.7914179
172.0000,0.52822143,0.77211314
173.0000,0.52450603,0.75999105
174.0000,0.52525347,0.75957483
175.0000,0.52719408,0.75889736
176.0000,0.52938044,0.75999284
177.0000,0.53379083,0.77135956
178.0000,0.53602791,0.78311288
179.0000,0.52731895,0.77077872
180.0000,0.52996546,0.77762598
181.0000,0.52745837,0.7710461
182.0000,0.53021848,0.77662796
183.0000,0.52873379,0.77124578
184.0000,0.53601027,0.78463095
185.0000,0.53552318,0.78354979
186.0000,0.54063958,0.79436022
187.0000,0.54314685,0.79703057
188.0000,0.52964807,0.77032191
189.0000,0.52964807,0.77032191
190.0000,0.52964807,0.77032191
191.0000,0.53280127,0.77546102
192.0000,0.53416657,0.78014046
193.0000,0.53115159,0.77193075
194.0000,0.52447873,0.75725466
195.0000,0.52686423,0.76778978
196.0000,0.52594322,0.76499879
197.0000,0.52632737,0.76799101
198.0000,0.53164423,0.78005397
199.0000,0.53616953,0.79228252
200.0000,0.53837562,0.79994589
201.0000,0.53845352,0.80083811
202.0000,0.52716297,0.77622277
203.0000,0.5297336,0.774019
204.0000,0.53012282,0.77162212
205.0000,0.53524113,0.78356856
206.0000,0.52596456,0.7668485
207.0000,0.52234107,0.76074642
208.0000,0.52613723,0.76759565
209.0000,0.53323931,0.78555846
210.0000,0.5192585,0.75734198
211.0000,0.52270448,0.7609601
212.0000,0.52987093,0.77230173
213.0000,0.52859193,0.76517844
214.0000,0.52298921,0.74724442
215.0000,0.5240761,0.747684
216.0000,0.52910203,0.75937963
217.0000,0.53721136,0.77834266
218.0000,0.53945565,0.78493756
219.0000,0.52785736,0.76160347
220.0000,0.53172719,0.76756233
221.0000,0.54011965,0.78458816
222.0000,0.54343581,0.79018241
223.0000,0.53316575,0.7660107
224.0000,0.52878863,0.75147343
225.0000,0.52667558,0.74254441
226.0000,0.532408,0.75090128
227.0000,0.538697,0.76272488
228.0000,0.52841127,0.74376267
229.0000,0.52979004,0.75017279
230.0000,0.52674615,0.74843872
231.0000,0.53282869,0.76271683
232.0000,0.53546667,0.76943702
233.0000,0.53992033,0.77938545
234.0000,0.54101145,0.78118032
235.0000,0.54259735,0.78287977
236.0000,0.54181856,0.7813189
237.0000,0.52923083,0.75603902
238.0000,0.52982944,0.75340664
239.0000,0.53169721,0.75437117
240.0000,0.52906275,0.74689615
241.0000,0.51964235,0.73024225
242.0000,0.52159554,0.73869473
243.0000,0.52483177,0.75144428
244.0000,0.5307942,0.76771098
245.0000,0.53766972,0.78086674
246.0000,0.53047067,0.76695096
247.0000,0.52970475,0.76718217
248.0000,0.53232044,0.77199471
249.0000,0.53580171,0.77561283
250.0000,0.53650564,0.77484918
251.0000,0.53758812,0.77662468
252.0000,0.5259524,0.75523895
253.0000,0.52916229,0.76126927
254.0000,0.53192437,0.76799136
255.0000,0.53883559,0.78647608
256.0000,0.53825855,0.78835678
257.0000,0.52989477,0.76935798
258.0000,0.53371775,0.77384174
259.0000,0.54000497,0.78484881
260.0000,0.53831255,0.78410876
261.0000,0.53795582,0.7840544
262.0000,0.53549117,0.78131723
263.0000,0.53734046,0.78877693
264.0000,0.54638225,0.8134492
265.0000,0.54876709,0.82268363
266.0000,0.54506928,0.81733578
267.0000,0.53668886,0.79669046
268.0000,0.54505867,0.81066281
269.0000,0.55018938,0.81962538
270.0000,0.55135584,0.82090324
271.0000,0.55116349,0.8194896
272.0000,0.54220527,0.80185056
273.0000,0.53851432,0.79457015
274.0000,0.5400697,0.79933381
275.0000,0.53813016,0.78939456
276.0000,0.54719687,0.80635476
277.0000,0.54925525,0.80925673
278.0000,0.55112642,0.81353313
279.0000,0.53627682,0.78271931
280.0000,0.53757471,0.78527999
281.0000,0.53869617,0.78965884
282.0000,0.548123,0.80975962
283.0000,0.54889858,0.81260949
284.0000,0.55159807,0.81781387
285.0000,0.55124694,0.81919664
286.0000,0.54319394,0.80502409
287.0000,0.54078883,0.79994512
288.0000,0.53670764,0.79064333
289.0000,0.5369184,0.78487223
290.0000,0.54292357,0.78983128
291.0000,0.54448426,0.79000938
292.0000,0.54552293,0.78382206
293.0000,0.53086406,0.76336694
294.0000,0.53221667,0.77278453
295.0000,0.53173459,0.77916676
296.0000,0.53905267,0.80021662
297.0000,0.53963333,0.80313784
298.0000,0.54521745,0.81405914
299.0000,0.54588795,0.81423736
300.0000,0.5334425,0.78931934
301.0000,0.53243506,0.78797019
302.0000,0.53436023,0.78737646
303.0000,0.53470904,0.78212655
304.0000,0.5357554,0.78343195
305.0000,0.53472686,0.77870721
306.0000,0.51758552,0.73606628
307.0000,0.51526272,0.72559857
308.0000,0.51640117,0.72430229
309.0000,0.51686007,0.7260499
310.0000,0.52187967,0.7393145
311.0000,0.53069949,0.7631855
312.0000,0.52847004,0.75963914
313.0000,0.52744293,0.75928509
314.0000,0.52051198,0.74659026
315.0000,0.52594727,0.75672382
316.0000,0.5307644,0.76276612
317.0000,0.52925926,0.75473142
318.0000,0.53200555,0.75601393
319.0000,0.53616631,0.76180643
320.0000,0.53248096,0.75372052
321.0000,0.5228585,0.73279381
322.0000,0.51754659,0.7218641
323.0000,0.52357662,0.73175544
324.0000,0.52119315,0.72909749
325.0000,0.53279716,0.75411338
326.0000,0.53391969,0.75464159
327.0000,0.53647661,0.75852156
328.0000,0.52864182,0.74014008
329.0000,0.53077853,0.74500686
330.0000,0.52486187,0.73320788
331.0000,0.52623248,0.73333025
332.0000,0.52973133,0.73914498
333.0000,0.53433526,0.75159514
334.0000,0.5284574,0.74381751
335.0000,0.53380424,0.75508052
336.0000,0.52726632,0.74560118
337.0000,0.53411955,0.76264453
338.0000,0.54069531,0.77815205
339.0000,0.54601628,0.78729588
340.0000,0.5386672,0.76796979
341.0000,0.53311014,0.75269204
342.0000,0.53589398,0.75637525
343.0000,0.53961331,0.76354754
344.0000,0.54227996,0.76867545
345.0000,0.54651546,0.779149
346.0000,0.54670244,0.78510571
347.0000,0.54049313,0.77706367
348.0000,0.54087412,0.78274727
349.0000,0.54338712,0.79088265
350.0000,0.54491252,0.79692543
351.0000,0.53798753,0.78174198
352.0000,0.54809409,0.797369
353.0000,0.55045909,0.80146545
354.0000,0.55433345,0.81112236
355.0000,0.54437363,0.79162824
356.0000,0.54366225,0.79247534
357.0000,0.54818678,0.8008219
358.0000,0.54220527,0.78812927
359.0000,0.55256635,0.81642216
360.0000,0.54372901,0.80708289
361.0000,0.54893035,0.8218261
362.0000,0.55288881,0.82832181
363.0000,0.55613303,0.83033562
364.0000,0.5473761,0.80764079
365.0000,0.54613292,0.80169463
366.0000,0.54900318,0.80433577
367.0000,0.55403042,0.80735141
368.0000,0.55582845,0.80878478
369.0000,0.53872442,0.77998376
370.0000,0.54467535,0.78138721
371.0000,0.55600786,0.806678
372.0000,0.54627728,0.79221702
373.0000,0.54096872,0.78655285
374.0000,0.54484677,0.79816037
375.0000,0.54322618,0.79861563
376.0000,0.54617202,0.80866307
377.0000,0.54721761,0.81532037
378.0000,0.53304791,0.78644723
379.0000,0.53304404,0.7812354
380.0000,0.53487384,0.78160292
381.0000,0.53629917,0.78235155
382.0000,0.53297424,0.77113038
383.0000,0.51540852,0.72812343
384.0000,0.51450825,0.71820033
385.0000,0.5184176,0.72253412
386.0000,0.52490288,0.73486435
387.0000,0.52579522,0.73943031
388.0000,0.53028572,0.75502878
389.0000,0.52029586,0.74282867
390.0000,0.52259505,0.75244933
391.0000,0.52876115,0.76401746
392.0000,0.53368956,0.76983762
393.0000,0.53448832,0.76908714
394.0000,0.52374065,0.74427366
395.0000,0.52519977,0.74689424
396.0000,0.52491206,0.73882276
397.0000,0.53161526,0.74833351
398.0000,0.54087925,0.76706368
399.0000,0.54328686,0.77532738
400.0000,0.55529374,0.79398608
401.0000,0.55667394,0.80140823
402.0000,0.55701673,0.80370653
403.0000,0.54098415,0.76821858
404.0000,0.54338533,0.76842046
405.0000,0.54850715,0.77934283
406.0000,0.54955083,0.78510445
407.0000,0.55609649,0.80068582
408.0000,0.5440374,0.77908057
409.0000,0.54510474,0.77633542
410.0000,0.54081112,0.76684904
411.0000,0.54902738,0.78354555
412.0000,0.55309016,0.79629952
413.0000,0.54815954,0.78882647
414.0000,0.54991108,0.79593164
415.0000,0.53852522,0.77925366
416.0000,0.54203743,0.78678948
417.0000,0.54980302,0.79832798
418.0000,0.55354887,0.80570507
419.0000,0.56076211,0.82725185
420.0000,0.56705111,0.84792334
421.0000,0.56117713,0.83570111
422.0000,0.55761909,0.82597411
423.0000,0.56602752,0.84018177
424.0000,0.56377447,0.83850676
425.0000,0.55967253,0.83321625
426.0000,0.56497681,0.84853584
427.0000,0.55427319,0.82420939
428.0000,0.55796182,0.825082
429.0000,0.56462318,0.83555228
430.0000,0.56679958,0.84047949
431.0000,0.55890507,0.82318854
432.0000,0.55919325,0.81531131
433.0000,0.56575108,0.82635891
434.0000,0.57055241,0.8344062
435.0000,0.56683779,0.82839334
436.0000,0.57324445,0.84642047
437.0000,0.58087027,0.86897302
438.0000,0.57959449,0.87303579
439.0000,0.56613696,0.84684432
440.0000,0.5712415,0.85923165
441.0000,0.57169062,0.86346996
442.0000,0.56319928,0.85335654
443.0000,0.56170899,0.85544932
444.0000,0.56459105,0.85895824
445.0000,0.5726524,0.86905378
446.0000,0.57539403,0.872338
447.0000,0.56577915,0.85176218
448.0000,0.56752163,0.85359377
449.0000,0.57040083,0.85217118
450.0000,0.57156956,0.84662622
451.0000,0.57178319,0.84186304
452.0000,0.55981374,0.8140136
453.0000,0.5610438,0.81521797
454.0000,0.56299406,0.81852865
455.0000,0.57143086,0.83636367
456.0000,0.56373256,0.82404238
457.0000,0.56648564,0.83206248
458.0000,0.57244599,0.84544891
459.0000,0.57119483,0.84412855
460.0000,0.56961048,0.84402847
461.0000,0.56100863,0.82956153
462.0000,0.56517023,0.83756137
463.0000,0.56818438,0.83980495
464.0000,0.56656122,0.83110166
465.0000,0.55713046,0.80823267
466.0000,0.5551458,0.8004958
467.0000,0.55686367,0.80224234
468.0000,0.56060338,0.80904996
469.0000,0.56410706,0.81734276
470.0000,0.56250757,0.81747562
471.0000,0.56576717,0.82755721
472.0000,0.55263108,0.8001501
473.0000,0.54774809,0.78787309
474.0000,0.54657108,0.78269374
475.0000,0.55096173,0.78975564
476.0000,0.55223018,0.79242742
477.0000,0.55854201,0.80475795
478.0000,0.54543489,0.77752519
479.0000,0.5446505,0.77577448
480.0000,0.55055958,0.78794426
481.0000,0.55407417,0.79775846
482.0000,0.56163794,0.81744474
483.0000,0.54682422,0.78848809
484.0000,0.54335403,0.77913123
485.0000,0.55090296,0.79211396
486.0000,0.55590618,0.80193996
487.0000,0.56072444,0.81070256
488.0000,0.55762309,0.80312949
489.0000,0.54344392,0.7799021
490.0000,0.54182488,0.78148705
491.0000,0.54309899,0.78667146
492.0000,0.54371727,0.79204774
493.0000,0.55104017,0.80786473
494.0000,0.553734,0.81666213
495.0000,0.55881917,0.8314566
496.0000,0.55612659,0.82672751
497.0000,0.54582256,0.80359322
498.0000,0.5477643,0.80586833
499.0000,0.55295062,0.81427872
500.0000,0.55212033,0.81029278
501.0000,0.55450678,0.81594849
502.0000,0.55794603,0.82648486
503.0000,0.54926109,0.81031018
504.0000,0.55326593,0.82137316
505.0000,0.54912078,0.81877279
506.0000,0.54940617,0.82252491
507.0000,0.55206668,0.82596004
508.0000,0.55647761,0.83175778
509.0000,0.5590319,0.83681685
510.0000,0.56037796,0.83913201
511.0000,0.56012338,0.8353675
512.0000,0.54837972,0.80911183
513.0000,0.5461489,0.80316341
514.0000,0.54832411,0.80882525
515.0000,0.547584,0.80960977
516.0000,0.55172485,0.82037425
517.0000,0.55012476,0.81816739
518.0000,0.54634029,0.81232274
519.0000,0.54532552,0.8061651
520.0000,0.55093372,0.81566113
521.0000,0.55688936,0.82759851
522.0000,0.55885267,0.82993621
523.0000,0.55235195,0.81535506
524.0000,0.54613715,0.80638653
525.0000,0.55039686,0.81910563
526.0000,0.54934257,0.8211078
527.0000,0.5517149,0.82784432
528.0000,0.55028272,0.82383764
529.0000,0.55525446,0.83123308
530.0000,0.55493313,0.82723695
531.0000,0.54417139,0.79722494
532.0000,0.54367203,0.79234332
533.0000,0.54773819,0.79953897
534.0000,0.55239838,0.81256962
535.0000,0.55122912,0.81424737
536.0000,0.54951984,0.81064463
537.0000,0.55143833,0.81736553
538.0000,0.54043883,0.79739958
539.0000,0.54578418,0.8051154
540.0000,0.54992014,0.80769068
541.0000,0.54961675,0.80031228
542.0000,0.53764081,0.77234882
543.0000,0.54367566,0.7812084
544.0000,0.5469532,0.78770965
545.0000,0.55158478,0.79933214
546.0000,0.55391455,0.80995208
547.0000,0.54920799,0.80581838
548.0000,0.54281354,0.79691815
549.0000,0.54509991,0.80328596
550.0000,0.5477407,0.80719692
551.0000,0.5508635,0.80705774
552.0000,0.55170792,0.80376452
553.0000,0.54987133,0.79774493
554.0000,0.54361093,0.78623384
555.0000,0.5473851,0.7938354
556.0000,0.55041611,0.80068111
557.0000,0.54904366,0.79883975
558.0000,0.55280608,0.8112455
559.0000,0.5459922,0.80007637
560.0000,0.54418737,0.79791033
561.0000,0.54344827,0.79488993
562.0000,0.54756391,0.79935586
563.0000,0.55193949,0.80680948
564.0000,0.54661071,0.7945202
565.0000,0.53880715,0.77682364
566.0000,0.54108721,0.77711642
567.0000,0.54439056,0.78332549
568.0000,0.54367858,0.78529918
569.0000,0.53946042,0.78011334
570.0000,0.531582,0.76543927
571.0000,0.53622603,0.77308279
572.0000,0.53827393,0.77863353
573.0000,0.54676467,0.79808104
574.0000,0.55205709,0.8083061
575.0000,0.53905487,0.78009737
576.0000,0.54220176,0.78696358
577.0000,0.54674006,0.79700732
578.0000,0.55033344,0.8031382
579.0000,0.54784691,0.79795396
580.0000,0.54784894,0.79715222
581.0000,0.53746587,0.77599376
582.0000,0.53808057,0.77540946
583.0000,0.54468983,0.78918213
584.0000,0.55266625,0.80925351
585.0000,0.555206,0.81938851
586.0000,0.54383761,0.79539347
587.0000,0.54348856,0.78787404
588.0000,0.54608917,0.79147863
589.0000,0.55449432,0.80813909
590.0000,0.54316163,0.78355163
591.0000,0.54487795,0.78512824
592.0000,0.54643387,0.79023004
593.0000,0.55377281,0.81176615
594.0000,0.56190979,0.84033507
595.0000,0.55531669,0.83206403
596.0000,0.54612947,0.81838554
597.0000,0.54792857,0.82309669
598.0000,0.55527931,0.84147382
599.0000,0.56111944,0.8585822
600.0000,0.54916465,0.82423806
601.0000,0.5504787,0.81692362
602.0000,0.55488688,0.8229624
603.0000,0.56062955,0.83724117
604.0000,0.56250465,0.84402287
605.0000,0.55695873,0.83591294
606.0000,0.55646449,0.8340885
607.0000,0.55406034,0.8285321
608.0000,0.55945188,0.83965135
609.0000,0.55987138,0.83884913
610.0000,0.55508894,0.82047862
611.0000,0.54835099,0.80052656
612.0000,0.54932648,0.80003673
613.0000,0.55054611,0.79551649
614.0000,0.55880809,0.8161937
615.0000,0.56277579,0.83168101
616.0000,0.55151165,0.81482816
617.0000,0.55494994,0.82366854
618.0000,0.55567098,0.8281374
619.0000,0.5612573,0.84426826
620.0000,0.55385745,0.83076078
621.0000,0.55123007,0.82144171
622.0000,0.54907084,0.81191587
623.0000,0.5518381,0.81568891
624.0000,0.55261844,0.81595713
625.0000,0.55452555,0.81764156
626.0000,0.53416681,0.7717948
627.0000,0.53028846,0.76298571
628.0000,0.52878535,0.75954193
629.0000,0.52963924,0.76039708
630.0000,0.52799791,0.75689095
631.0000,0.53273851,0.7696678
632.0000,0.52222526,0.75051159
633.0000,0.51730251,0.74000949
634.0000,0.51897091,0.73615712
635.0000,0.52455539,0.74276388
636.0000,0.53185123,0.75378382
637.0000,0.52429485,0.73648351
638.0000,0.52190399,0.73038971
639.0000,0.52642477,0.74394244
640.0000,0.5269143,0.75230306
641.0000,0.51956469,0.74484622
642.0000,0.51567292,0.73432815
643.0000,0.51797152,0.73436236
644.0000,0.52673632,0.74956626
645.0000,0.53586793,0.7669549
646.0000,0.54039037,0.77395636
647.0000,0.52794826,0.74656218
648.0000,0.5297997,0.75015634
649.0000,0.53389919,0.76048577
650.0000,0.53971809,0.77368033
651.0000,0.54436654,0.78047132
652.0000,0.54626864,0.78256041
653.0000,0.53318197,0.75506818
654.0000,0.53839427,0.75937039
655.0000,0.53727329,0.75408167
656.0000,0.54146969,0.76100498
657.0000,0.53072131,0.74392873
658.0000,0.53393549,0.75434911
659.0000,0.54196995,0.7724514
660.0000,0.54897153,0.78826481
661.0000,0.54945946,0.79093844
662.0000,0.55735403,0.81104845
663.0000,0.54523385,0.79074866
664.0000,0.5458588,0.79190457
665.0000,0.55186361,0.79952145
666.0000,0.55961502,0.81442738
667.0000,0.56274998,0.82193434
668.0000,0.54952949,0.79340678
669.0000,0.55251831,0.79666793
670.0000,0.55281794,0.80045033
671.0000,0.56060982,0.82431996
672.0000,0.56329435,0.83867151
673.0000,0.55085826,0.81748605
674.0000,0.5557642,0.82045937
675.0000,0.56471717,0.83343607
676.0000,0.56899762,0.84184945
677.0000,0.56792384,0.84378821
678.0000,0.56174737,0.83360934
679.0000,0.55953687,0.827604
680.0000,0.56534767,0.8381362
681.0000,0.56845438,0.84643006
682.0000,0.57024711,0.85267305
683.0000,0.56112075,0.83175564
684.0000,0.56302226,0.82895982
685.0000,0.5701285,0.83913857
686.0000,0.57751185,0.85638809
687.0000,0.57829416,0.8619684
688.0000,0.5675807,0.84660614
689.0000,0.56454474,0.84193927
690.0000,0.56883514,0.85194618
691.0000,0.57420725,0.86507189
692.0000,0.57849371,0.87543094
693.0000,0.57845467,0.87514794
694.0000,0.57490671,0.86689353
695.0000,0.57400697,0.86276168
696.0000,0.572797,0.85851961
697.0000,0.57556349,0.85982245
698.0000,0.57657772,0.8610943
699.0000,0.57425112,0.85536462
700.0000,0.57580453,0.86045003
701.0000,0.5698151,0.85006827
702.0000,0.57249582,0.85725248
703.0000,0.56080693,0.83604479
704.0000,0.55771983,0.82808995
705.0000,0.55603933,0.81894094
706.0000,0.55670428,0.81725544
707.0000,0.55451858,0.81089777
708.0000,0.55865967,0.81803477
709.0000,0.56363469,0.82956719
710.0000,0.56310153,0.82720822
711.0000,0.54978645,0.79946774
712.0000,0.55241424,0.80516195
713.0000,0.55092347,0.80469078
714.0000,0.55499399,0.81744337
715.0000,0.55386335,0.81670499
716.0000,0.55551177,0.81809723
717.0000,0.55652863,0.82008445
718.0000,0.55415308,0.81544864
719.0000,0.55698168,0.82112372
720.0000,0.55608362,0.81801856
721.0000,0.55838054,0.82189274
722.0000,0.54344136,0.7867893
723.0000,0.5388177,0.77153981
724.0000,0.54042405,0.76757514
725.0000,0.54407173,0.77223814
726.0000,0.54484284,0.77361554
727.0000,0.551799,0.79246455
728.0000,0.5500046,0.79236978
729.0000,0.54125297,0.78118712
730.0000,0.54311365,0.78892946
731.0000,0.5503853,0.80749881
732.0000,0.55387479,0.81752312
733.0000,0.5590682,0.82750124
734.0000,0.56083745,0.82879037
735.0000,0.56002009,0.82234138
736.0000,0.54922706,0.79706323
737.0000,0.54832268,0.79301727
738.0000,0.54968768,0.79130191
739.0000,0.551907,0.79437256
740.0000,0.54685289,0.78751403
741.0000,0.54078162,0.77904159
742.0000,0.53914744,0.77792019
743.0000,0.54323149,0.78467005
744.0000,0.54740173,0.79612863
745.0000,0.5480054,0.80069792
746.0000,0.54701263,0.79880792
747.0000,0.54086095,0.78545225
748.0000,0.54060471,0.78253597
749.0000,0.54539686,0.78967524
750.0000,0.55224806,0.80295855
751.0000,0.54165781,0.78100687
752.0000,0.53928143,0.77306539
753.0000,0.54190361,0.77083492
754.0000,0.5413956,0.76605755
755.0000,0.53471988,0.75532478
756.0000,0.52918994,0.74421984
757.0000,0.53522468,0.75444722
758.0000,0.53693849,0.76024246
759.0000,0.54537266,0.77897024
760.0000,0.55455756,0.79758894
761.0000,0.55318439,0.7968483
762.0000,0.54859215,0.78679758
763.0000,0.56165683,0.81316763
764.0000,0.55508155,0.80701089
765.0000,0.55441785,0.80776352
766.0000,0.55883235,0.81859517
767.0000,0.56127644,0.82971227
768.0000,0.55243415,0.81897366
769.0000,0.55440676,0.82191998
770.0000,0.56019366,0.8309502
771.0000,0.56452596,0.83768696
772.0000,0.56327283,0.83548933
773.0000,0.55990326,0.82671595
774.0000,0.56345254,0.82816011
775.0000,0.56664324,0.82927531
776.0000,0.56719315,0.82889056
777.0000,0.56115252,0.82170159
778.0000,0.56100023,0.82928884
779.0000,0.56276965,0.83757067
780.0000,0.56059146,0.83206761
781.0000,0.56509256,0.8413322
782.0000,0.56939507,0.8522557
783.0000,0.57375419,0.86527807
784.0000,0.57553375,0.87047654
785.0000,0.56341141,0.84338021
786.0000,0.55881709,0.83156347
787.0000,0.56213182,0.83666027
788.0000,0.56370604,0.83839494
789.0000,0.56530321,0.83730167
790.0000,0.56407076,0.83006054
791.0000,0.55341113,0.80746758
792.0000,0.55661589,0.8126471
793.0000,0.56504774,0.82920587
794.0000,0.56963623,0.84313494
795.0000,0.567424,0.84210467
796.0000,0.56926489,0.85071957
797.0000,0.55956703,0.83407092
798.0000,0.5602991,0.83570153
799.0000,0.55861396,0.83481508
800.0000,0.56204045,0.84545797
801.0000,0.56680936,0.86212075
802.0000,0.56318069,0.85848963
803.0000,0.56029296,0.84971017
804.0000,0.55952185,0.84105772
805.0000,0.56547153,0.852135
806.0000,0.56773388,0.85527408
807.0000,0.56207824,0.83938241
808.0000,0.55686814,0.82558799
809.0000,0.55985844,0.83211154
810.0000,0.56699342,0.85123003
811.0000,0.57207668,0.8690505
812.0000,0.56748009,0.86178863
813.0000,0.56654507,0.86206752
814.0000,0.56912756,0.8643381
815.0000,0.57290733,0.86798346
816.0000,0.5738315,0.8626442
817.0000,0.57032025,0.85132229
818.0000,0.56759167,0.84162301
819.0000,0.57460427,0.85117424
820.0000,0.56985039,0.84304917
821.0000,0.5549435,0.81541151
822.0000,0.5597288,0.82071292
823.0000,0.56502599,0.83270568
824.0000,0.57475668,0.85887688
825.0000,0.5772953,0.86925173
826.0000,0.56831342,0.8504715
827.0000,0.57018381,0.85668439
828.0000,0.58084989,0.8746106
829.0000,0.58478558,0.88569009
830.0000,0.58107132,0.88197565
831.0000,0.58697355,0.89626169
832.0000,0.58168674,0.8891508
833.0000,0.58808941,0.90270126
834.0000,0.59099597,0.9077825
835.0000,0.59364074,0.91091526
836.0000,0.5976339,0.92233324
837.0000,0.5850181,0.89766431
838.0000,0.58706623,0.8988232
839.0000,0.58521765,0.89068246
840.0000,0.58963281,0.89569986
841.0000,0.58996952,0.89526701
842.0000,0.59067261,0.89608508
843.0000,0.5900321,0.89346665
844.0000,0.58734125,0.88595843
845.0000,0.57722461,0.86225593
846.0000,0.57544404,0.85793042
847.0000,0.57171243,0.84577179
848.0000,0.57609302,0.84988737
849.0000,0.57563114,0.84810156
850.0000,0.57949281,0.85440111
851.0000,0.58192134,0.86164719
852.0000,0.58121747,0.86457533
853.0000,0.58501899,0.88103372
854.0000,0.57011783,0.85631996
855.0000,0.57021445,0.85671532
856.0000,0.56998909,0.85246062
857.0000,0.57429367,0.85699058
858.0000,0.57734507,0.85778356
859.0000,0.5767408,0.85096341
860.0000,0.58058655,0.8572368
861.0000,0.57798398,0.85235584
862.0000,0.57519811,0.84497374
863.0000,0.5645051,0.81924367
864.0000,0.56786245,0.82287484
865.0000,0.56973559,0.82355106
866.0000,0.57682139,0.83551842
867.0000,0.58304501,0.84674692
868.0000,0.58495069,0.84782261
869.0000,0.58346885,0.84557807
870.0000,0.57563853,0.83399552
871.0000,0.57180953,0.83696079
872.0000,0.57300454,0.84574592
873.0000,0.57420915,0.84898782
874.0000,0.57649332,0.8527866
875.0000,0.58059555,0.86094397
876.0000,0.58083653,0.8621859
877.0000,0.58531207,0.87222058
878.0000,0.57188278,0.8422007
879.0000,0.57121426,0.83111149
880.0000,0.56992066,0.82248604
881.0000,0.57370949,0.82658261
882.0000,0.57081276,0.81913894
883.0000,0.57182735,0.82318681
884.0000,0.56616312,0.81878978
885.0000,0.56948924,0.83070499
886.0000,0.56932437,0.83542997
887.0000,0.57554287,0.85426384
888.0000,0.57035303,0.84828025
889.0000,0.57123154,0.84769291
890.0000,0.57312787,0.84883273
891.0000,0.57105106,0.83915728
892.0000,0.57147348,0.82985449
893.0000,0.57725853,0.83965474
894.0000,0.56995022,0.82799786
895.0000,0.56679285,0.82108295
896.0000,0.56433851,0.81817532
897.0000,0.56751764,0.82815444
898.0000,0.57159728,0.84292233
899.0000,0.57315826,0.84870291
900.0000,0.55672938,0.81113768
901.0000,0.55609101,0.80392694
902.0000,0.55643612,0.80182636
903.0000,0.56151354,0.80716187
904.0000,0.56400031,0.80801874
905.0000,0.56094861,0.79940259
906.0000,0.56349862,0.8038792
907.0000,0.56728745,0.81382442
908.0000,0.55580294,0.79116428
909.0000,0.55871254,0.79791993
910.0000,0.55385399,0.79071963
911.0000,0.55682105,0.79669893
912.0000,0.55937392,0.80170047
913.0000,0.5672437,0.82235867
914.0000,0.57618552,0.84353375
915.0000,0.5673725,0.82753569
916.0000,0.57074511,0.83476746
917.0000,0.56636816,0.82765472
918.0000,0.56949764,0.83161962
919.0000,0.56812865,0.82495767
920.0000,0.57301968,0.8324132
921.0000,0.57253611,0.83201027
922.0000,0.56361902,0.81536698
923.0000,0.56482965,0.81769276
924.0000,0.57010531,0.83116674
925.0000,0.57586944,0.84705704
926.0000,0.57981479,0.8603307
927.0000,0.58077961,0.86429703
928.0000,0.57164687,0.84989101
929.0000,0.56970859,0.84520036
930.0000,0.57534134,0.85275382
931.0000,0.5767951,0.85436481
932.0000,0.58248991,0.86830372
933.0000,0.5712992,0.84585059
934.0000,0.57322627,0.85049152
935.0000,0.56982064,0.84696579
936.0000,0.57225347,0.85427761
937.0000,0.57104218,0.85535467
938.0000,0.5746119,0.86498123
939.0000,0.57997614,0.87614244
940.0000,0.57643503,0.86462283
941.0000,0.56790513,0.83917677
942.0000,0.57361764,0.8467164
943.0000,0.57676929,0.85394388
944.0000,0.58029032,0.86460537
945.0000,0.57882059,0.86165881
946.0000,0.5682053,0.84191132
947.0000,0.5700025,0.84696925
948.0000,0.57166785,0.84846979
949.0000,0.57117409,0.8463257
950.0000,0.57625669,0.85371655
951.0000,0.57649916,0.85307103
952.0000,0.56959885,0.84491444
953.0000,0.57296473,0.8577053
954.0000,0.57745308,0.87766594
955.0000,0.56818897,0.86331224
956.0000,0.56770676,0.8623963
957.0000,0.5645892,0.85478532
958.0000,0.57015103,0.86662346
959.0000,0.57053488,0.86919326
960.0000,0.57654244,0.88253933
961.0000,0.56195027,0.84940058
962.0000,0.56102395,0.84012002
963.0000,0.56523281,0.83970982
964.0000,0.56665415,0.83790231
965.0000,0.5715999,0.84529978
966.0000,0.57538235,0.85382634
967.0000,0.57092053,0.84627151
968.0000,0.56888705,0.84525931
969.0000,0.56504738,0.83610398
970.0000,0.56246775,0.82791835
971.0000,0.56308085,0.82629424
972.0000,0.56481421,0.82837939
973.0000,0.56859255,0.83524603
974.0000,0.56797349,0.83360833
975.0000,0.56054145,0.82070667
976.0000,0.55617166,0.81245393
977.0000,0.55931461,0.81835669
978.0000,0.56086427,0.82249653
979.0000,0.56572551,0.83292866
980.0000,0.57105988,0.84585863
981.0000,0.57155949,0.84855837
982.0000,0.57320285,0.85008419
983.0000,0.55777699,0.81217504
984.0000,0.55443162,0.80168635
985.0000,0.55411518,0.79780716
986.0000,0.55784398,0.80276072
987.0000,0.56262809,0.81447029
988.0000,0.56696957,0.83383238
989.0000,0.56733954,0.84761912
990.0000,0.57021022,0.86640042
991.0000,0.55782199,0.84137648
992.0000,0.55938905,0.84232807
993.0000,0.55588013,0.83051467
994.0000,0.56067473,0.83349937
995.0000,0.56580466,0.842152
996.0000,0.56673104,0.84243029
997.0000,0.56477827,0.83619469
998.0000,0.55402839,0.81407106
999.0000,0.55635262,0.81879616
1000.0000,0.55865014,0.82370263
1001.0000,0.5609321,0.82828122
1002.0000,0.56479371,0.83437079
1003.0000,0.56699097,0.83382177
1004.0000,0.55214792,0.80101442
1005.0000,0.55470222,0.80535662
1006.0000,0.55915993,0.81213558
1007.0000,0.56410336,0.81924099
1008.0000,0.56707919,0.82371217
1009.0000,0.57063258,0.83461583
1010.0000,0.56364059,0.82749885
1011.0000,0.56478912,0.83670366
1012.0000,0.56246704,0.83364528
1013.0000,0.56618655,0.83654535
1014.0000,0.57214105,0.84553272
1015.0000,0.57205743,0.84462881
1016.0000,0.57052672,0.84119189
1017.0000,0.56339169,0.82856601
1018.0000,0.56956434,0.84282082
1019.0000,0.57509571,0.85995764
1020.0000,0.57349271,0.85957557
1021.0000,0.5769459,0.86802161
1022.0000,0.58048421,0.87633401
1023.0000,0.56746805,0.84808385
1024.0000,0.56534553,0.8399359
1025.0000,0.56864887,0.84098476
1026.0000,0.57332474,0.85079867
1027.0000,0.57799923,0.86579829
1028.0000,0.5739817,0.86059004
1029.0000,0.56826121,0.85252661
1030.0000,0.57511497,0.86625957
1031.0000,0.57155007,0.8611812
1032.0000,0.57107288,0.85875082
1033.0000,0.57420689,0.8626256
1034.0000,0.57484329,0.86721438
1035.0000,0.57650661,0.87357581
1036.0000,0.58059579,0.88715005
1037.0000,0.5826875,0.89267838
1038.0000,0.58172941,0.8910802
1039.0000,0.58209515,0.8953355
1040.0000,0.57803839,0.89240938
1041.0000,0.57723719,0.89373004
1042.0000,0.57801098,0.89395028
1043.0000,0.57901669,0.89886498
1044.0000,0.58208948,0.9083178
1045.0000,0.58517236,0.91481596
1046.0000,0.57898068,0.89500993
1047.0000,0.56853604,0.86220717
1048.0000,0.56959349,0.85609353
1049.0000,0.56884575,0.85238618
1050.0000,0.57315296,0.86500961
1051.0000,0.57554185,0.88013059
1052.0000,0.57115984,0.88098592
1053.0000,0.57124799,0.88955688
1054.0000,0.57637197,0.90366602
1055.0000,0.57844782,0.91002685
1056.0000,0.57289827,0.89370215
1057.0000,0.56818646,0.87590629
1058.0000,0.57177502,0.87686813
1059.0000,0.57292384,0.87667561
1060.0000,0.57672304,0.88127285
1061.0000,0.57548612,0.87902492
1062.0000,0.57603824,0.88730115
1063.0000,0.57263047,0.88664949
1064.0000,0.57394952,0.89658201
1065.0000,0.56261063,0.8749966
1066.0000,0.56133759,0.87154442
1067.0000,0.56820017,0.88414627
1068.0000,0.57561851,0.90156215
1069.0000,0.57685,0.9013347
1070.0000,0.57358652,0.88585567
1071.0000,0.56423247,0.86200732
1072.0000,0.56449568,0.85876429
1073.0000,0.56895715,0.8655839
1074.0000,0.5735634,0.87608743
1075.0000,0.57336253,0.87656194
1076.0000,0.57610726,0.88857257
1077.0000,0.56436628,0.87450284
1078.0000,0.56516987,0.88595778
1079.0000,0.5632872,0.88889098
1080.0000,0.56718767,0.89749378
1081.0000,0.57299674,0.90475345
1082.0000,0.57285458,0.90040994
1083.0000,0.56156272,0.87239379
1084.0000,0.56338453,0.86964303
1085.0000,0.56627041,0.8698507
1086.0000,0.56567895,0.86649448
1087.0000,0.56124085,0.85803288
1088.0000,0.56317014,0.85995847
1089.0000,0.55504751,0.84212428
1090.0000,0.55721134,0.84624481
1091.0000,0.56290299,0.85654932
1092.0000,0.56416172,0.85200679
1093.0000,0.55708158,0.83195156
1094.0000,0.55361992,0.81969202
1095.0000,0.55828863,0.82358068
1096.0000,0.56595844,0.83656454
1097.0000,0.56350702,0.83396429
1098.0000,0.55243033,0.81370109
1099.0000,0.55800217,0.8249321
1100.0000,0.56042606,0.83209342
1101.0000,0.56653935,0.84477025
1102.0000,0.55687964,0.81979859
1103.0000,0.56032246,0.82491142
1104.0000,0.56385648,0.8340348
1105.0000,0.56929338,0.85007674
1106.0000,0.57308406,0.8625102
1107.0000,0.57315636,0.86715317
1108.0000,0.56952876,0.86456424
1109.0000,0.56760871,0.86032861
1110.0000,0.57200718,0.8630811
1111.0000,0.57202339,0.8556512
1112.0000,0.57559085,0.85908127
1113.0000,0.56602675,0.83549803
1114.0000,0.56014967,0.82464325
1115.0000,0.56313908,0.8289957
1116.0000,0.56912655,0.85332596
1117.0000,0.56940544,0.8647095
1118.0000,0.56869751,0.87208307
1119.0000,0.56191385,0.86184472
1120.0000,0.56454784,0.87165928
1121.0000,0.56785959,0.88214302
1122.0000,0.57066864,0.88800764
1123.0000,0.57412136,0.89190793
1124.0000,0.57578248,0.89336169
1125.0000,0.57222062,0.88516426
1126.0000,0.56212062,0.86474401
1127.0000,0.55848193,0.85512668
1128.0000,0.55571461,0.84924364
1129.0000,0.55802387,0.85336101
1130.0000,0.56106675,0.86169362
1131.0000,0.56132179,0.86494422
1132.0000,0.55870593,0.86162978
1133.0000,0.56133026,0.87018579
1134.0000,0.56567985,0.88277763
1135.0000,0.56555313,0.88376009
1136.0000,0.55754048,0.86312068
1137.0000,0.55232209,0.84667057
1138.0000,0.55376941,0.84942555
1139.0000,0.55378485,0.85294288
1140.0000,0.55670184,0.86275059
1141.0000,0.55658668,0.86626285
1142.0000,0.55706662,0.87024826
1143.0000,0.55663925,0.87080175
1144.0000,0.56207198,0.88613755
1145.0000,0.56097412,0.88266057
1146.0000,0.5594635,0.8741104
1147.0000,0.55026376,0.8459788
1148.0000,0.5538547,0.84520578
1149.0000,0.5535053,0.84106785
1150.0000,0.55037314,0.83274865
1151.0000,0.54957026,0.83156919
1152.0000,0.54771554,0.83204925
1153.0000,0.55199164,0.84566927
1154.0000,0.5546118,0.85390985
1155.0000,0.55665189,0.86083251
1156.0000,0.5559116,0.86183858
1157.0000,0.561324,0.87820029
1158.0000,0.56538934,0.89220589
1159.0000,0.56134152,0.88293254
1160.0000,0.56262624,0.88245469
1161.0000,0.56424576,0.88309461
1162.0000,0.56303471,0.87631923
1163.0000,0.56141531,0.86497754
1164.0000,0.55315554,0.84000736
1165.0000,0.55116385,0.83090222
1166.0000,0.55150586,0.83142078
1167.0000,0.55302113,0.84125626
1168.0000,0.5517807,0.84730959
1169.0000,0.55616015,0.86694688
1170.0000,0.55950534,0.88351119
1171.0000,0.5578813,0.88416082
1172.0000,0.56250632,0.89666623
1173.0000,0.56334585,0.89773852
1174.0000,0.56937146,0.90591115
1175.0000,0.5752027,0.91095632
1176.0000,0.57484776,0.90653783
1177.0000,0.56624895,0.88613713
1178.0000,0.55956358,0.86772782
1179.0000,0.56163907,0.87031406
1180.0000,0.56127423,0.87045169
1181.0000,0.5612725,0.87303931
1182.0000,0.55825526,0.86978245
1183.0000,0.5591265,0.87453383
1184.0000,0.56444132,0.88832712
1185.0000,0.56447619,0.88927239
1186.0000,0.56711966,0.88912475
1187.0000,0.56959313,0.88401872
1188.0000,0.57149458,0.88198513
1189.0000,0.56112921,0.8591184
1190.0000,0.56014514,0.85663784
1191.0000,0.55786026,0.8556636
1192.0000,0.55845648,0.86449564
1193.0000,0.56328183,0.87999845
1194.0000,0.56313157,0.88205105
1195.0000,0.56690264,0.88942301
1196.0000,0.56734729,0.88782388
1197.0000,0.57308263,0.90064317
1198.0000,0.57499385,0.90470141
1199.0000,0.56206709,0.87378359
1200.0000,0.56027037,0.86696768
1201.0000,0.56156313,0.86342299
1202.0000,0.56587368,0.86721522
1203.0000,0.56364971,0.85834652
1204.0000,0.56436247,0.8593753
1205.0000,0.56573683,0.86684513
1206.0000,0.56590009,0.87287819
1207.0000,0.56801212,0.8865152
1208.0000,0.56818563,0.89609402
1209.0000,0.56544012,0.89558995
1210.0000,0.56873983,0.90963238
1211.0000,0.57302976,0.92024535
1212.0000,0.56630051,0.901353
1213.0000,0.57170779,0.90977043
1214.0000,0.56584585,0.8933751
1215.0000,0.5561195,0.87204719
1216.0000,0.55390048,0.86533195
1217.0000,0.54902869,0.85181397
1218.0000,0.54911596,0.8512702
1219.0000,0.54935426,0.85459298
1220.0000,0.5485158,0.85348475
1221.0000,0.54807723,0.84798795
1222.0000,0.54694748,0.83962113
1223.0000,0.53817046,0.81656492
1224.0000,0.54243392,0.82415426
1225.0000,0.54556584,0.83271712
1226.0000,0.54784799,0.84354758
1227.0000,0.54951012,0.85078031
1228.0000,0.55400503,0.86226577
1229.0000,0.55499327,0.86535805
1230.0000,0.55383456,0.86226124
